序号,链接,节点数
0,https://a.nodeshare.xyz/uploads/2025/05/20250514.yaml,0
1,https://freeclashmeta.github.io/uploads/2025/05/20250514.yaml,0
2,https://nodefree.org/dy/2025/05/20250516.txt,50
3,https://nodefree.org/dy/2025/05/20250516.yaml,28
4,https://oneclash.githubrowcontent.com/2025/05/20250516.yaml,26
5,https://quantumultxgithub.github.io/uploads/2025/05/20250514.json,567
6,https://raw.githubusercontent.com/hkpc/Autoproxy/2bb4f9421946d8bf31b619a012a8e8447ceb5cd9/sub/2025/05/20250514.txt,0
7,https://raw.githubusercontent.com/huanjk1/mfbpn_nodes/59c6b6dbd09609e3f4e1a8844160067abab72b0a/update/2025/05/20250514.txt,0
8,https://v2raynodes.github.io/uploads/2025/05/20250514.yaml,0
9,https://v2rayshare.com/wp-content/uploads/2025/05/20250516.txt,50
10,https://v2rayshare.com/wp-content/uploads/2025/05/20250516.yaml,18
11,https://v2rayshare.githubrowcontent.com/2025/05/20250516.yaml,26
12,https://vmess-node.github.io/uploads/2025/05/20250514.json,567
13,http://1.116.162.163:10090,22
14,http://101.200.14.80:3325/api/v1/client/subscribe?token=465325a70b0a58f7592cb2acf2215274,0
15,http://102.xicun.us.kg,0
16,http://103.26.10.205,0
17,http://103.26.10.28,0
18,http://103.67.52.65,0
19,http://116.31.166.182:81,0
20,http://124.222.154.246,6
21,http://124.71.40.178/api/v1/client/subscribe?token=406010749cf80c6015826ee29f7d1d08,0
22,http://15.197.234.117:40329/sub/66981cd05be137cf/clash/%E9%A3%9E%E9%B8%9F%E5%8A%A0%E9%80%9F?route=0,3
23,http://154.201.72.138:3000,0
24,http://172.245.30.41/clash.yaml,12
25,http://185.230.187.40,0
26,http://202503281226111.chibaba.ggff.net/api/v1/client/subscribe?token=be030b075cf4ba7afeeae4d3257fbdb8#/,0
27,http://202504081152261.chibaba.ggff.net/api/v1/client/subscribe?token=051c04e9267e21b120fcce358401472e,0
28,http://2025y7y18.fyy.asia,106
29,http://211.161.103.206,2
30,http://216.185.57.162,0
31,http://216.185.57.210,0
32,http://216.185.57.72,0
33,http://3366.svip988.com,0
34,http://43.138.13.231:8090,0
35,http://47.243.59.73/api/v1/client/subscribe?token=f872370768e7e2d6a36c7c1bb5d7f370,0
36,http://47.83.197.147:13896/api/v1/client/subscribe?token=58564fe6014bf9df94bf3f96da6c5880,0
37,http://6666.pengggan.us.kg,0
38,http://6bsub.zhunchuanpb.com/api/v1/client/subscribe?token=013d68e3fd52534bcc13d6575ba12c4d,0
39,http://7777.pengggan.us.kg,0
40,http://8.129.23.122/s/5fc9a1457054d335feb23235bd8b9225,0
41,http://8y12aw.fyy.asia,22
42,http://8y12wasu.fxu.asia,0
43,http://ads.ruangguru.com.blackhazard.mvsv.us.kg,0
44,http://ads.ruangguru.com.vvip.inconigto.us.kg,0
45,http://afrcloud.web.id,0
46,http://afrcloud.xyz,0
47,http://aos.714541.xyz,0
48,http://api.midtrans.com.vvip.inconigtomode.us.kg,0
49,http://ava.game.naver.com.afrcloud.xyz,0
50,http://ava.game.naver.com.blackhazard.mvsv.us.kg,0
51,http://ava.game.naver.com.milfhunter.mvsv.us.kg,0
52,http://ava.game.naver.com.vip.tfstore.biz.id,332
53,http://ava.game.naver.com.vtsbot.masukin.web.id,0
54,http://best.momoxiaodian.cc/mo99/serve/axiba/gov?token=42763f88aad0cf9243ed69b5c16364f4,18
55,http://best.momoxiaodian.cc/mo99/serve/axiba/gov?token=42763f88aad0cf9243ed69b5c16364f4&amp,18
56,http://blog.6bohe.com,0
57,http://blog.moxiaoying.top,0
58,http://business.blibli.com.blackhazard.mvsv.us.kg,0
59,http://cache.netflix.com.sub.vltr.us.kg,0
60,http://cache.netflix.com.vip.tfstore.biz.id,332
61,http://cache.netflix.com.vvip.inconigtomode.us.kg,0
62,http://cdn.appsflayer.com.vtsbot.masukin.web.id,0
63,http://christian.vivaldi.net,667
64,http://cindra.web.id,0
65,http://clash.554556.xyz,162
66,http://clash.phpman.top,1
67,http://clash.xin-yu.cloud,7
68,http://csgo3.fask511.cfd:1588/api/v1/client/subscribe?token=145b15f91f224adcb7fff14c738aa737,0
69,http://davgp416ip6zl8pfrusvvag.zhuyingsu.site/api/v1/client/subscribe?token=a0534b907f25130fbc239d792d776119,0
70,http://df.game.naver.com.vvip.inconigto.us.kg,0
71,http://df.game.naver.com.vvip.inconigtomode.us.kg,0
72,http://dy.changyouVPN.top/api/v1/client/subscribe?token=2d4a161571330be113d2710100caa913,0
73,http://dy.changyouVPN.top/api/v1/client/subscribe?token=92bb524fed594758d91477746169e3b2,0
74,http://dy.changyouVPN.top/api/v1/client/subscribe?token=9c96528b5f6b0b47719b148f03c692b9,0
75,http://dy.changyouVPN.top/api/v1/client/subscribe?token=ae2d46b360f66cfb6c3e7e0d651c2a86,0
76,http://dy.changyouVPN.top/api/v1/client/subscribe?token=e366bfd147292b2d6df2f36151c80547,0
77,http://dy.changyouVPN.top/api/v1/client/subscribe?token=ea8146316de50ab1d7015f8d68c9df42,0
78,http://dy.changyouvpn.top/api/v1/client/subscribe?token=4e85554dae1c9858676693ae38d50c15,0
79,http://elgunclash.123499.xyz,0
80,http://external-confluence.pimax.com,2
81,http://feigou.zhunchuanpb.com/api/v1/client/subscribe?token=3dd452e7b921c8e82b5a83e75ab5f3e8,0
82,http://filusdt.461553.best:1588/api/v1/client/subscribe?token=0bce276074604f32f207b7d1dd31aa2d,0
83,http://flclash.us.kg,312
84,http://g3i.buzz/v3/subscr?id=16cc70663cb340018a7ad5a146cc8428,0
85,http://gbtgurl01.org/api/v1/client/subscribe?token=57838ab51e019455d79c061df8830ee8,0
86,http://gbtgurl01.org/api/v1/client/subscribe?token=78e5b35af2d274edd9dac1a034647989,0
87,http://gillwongclash.123499.xyz,0
88,http://gist.zmy666.us.kg,0
89,http://goch.diyvcn.cloudns.ch,0
90,http://gowarp.diyvcn.cloudns.ch,0
91,http://homerstrojantheater.iath.virginia.edu,196
92,http://hr.phpcat.ir,0
93,http://i-integration-gojekapi.com.vvip.inconigto.us.kg,0
94,http://id-vpnvip.my.id,3
95,http://inversoressolar.com,756
96,http://investor.fb.com.blackhazard.mvsv.us.kg,0
97,http://jc.hsbogk.icu,0
98,http://jgw-mg-pu.cfdns.us.kg,0
99,http://jjz.31465.cfd/api/v1/client/subscribe?token=4c55b1a88f0dd170cf89573cf9ba65be,0
100,http://license.ss5.xyz,0
101,http://mail.inversoressolar.com,756
102,http://media-cgk1-1.cdn.whatsapp.net.vvip.inconigto.us.kg,0
103,http://media-cgk1-1.cdn.whatsapp.net.vvip.inconigtomode.us.kg,0
104,http://mhq.us.kg,0
105,http://milfhunter.mvsv.us.kg,0
106,http://mjj.oldzhg.com,82
107,http://moxiaoying.top,0
108,http://mssdk24-normal-useast2a.tiktokv.com.vtsbot.masukin.web.id,0
109,http://mst2.xicun.us.kg,0
110,http://nuxyun.v2rayflash.top/api/v1/client/subscribe?token=531e0be2dbbfc393dfac550abee6ce57,0
111,http://nuxyun.v2rayflash.top/api/v1/client/subscribe?token=531e0be2dbbfc393dfac550abee6ce57#,0
112,http://nuxyun.v2rayflash.top/api/v1/client/subscribe?token=be30e81980997f794f9b4660ed1bbd5d,0
113,http://nuxyun.v2rayflash.top/api/v1/client/subscribe?token=be30e81980997f794f9b4660ed1bbd5d#/2.2mb/s,0
114,http://pool.cfip.nyc.mn,121
115,http://proxy-air.zheyu.one,27
116,http://proxy-mini.zheyu.one,42
117,http://proxy-phone.zheyu.one,485
118,http://proxy.zheyu.one,96
119,http://quiz.int.vidio.com.sub.vltr.us.kg,0
120,http://r.sywk.com.cn,1
121,http://sentry-uit.line-apps.com.vvip.inconigto.us.kg,0
122,http://sentry-uit.line-apps.com.vvip.inconigtomode.us.kg,0
123,http://spaceport.wsm.ink,0
124,http://ss.xjp4.io,0
125,http://stickershop.line.me.vvip.inconigto.us.kg,0
126,http://stickershop.line.me.vvip.inconigtomode.us.kg,0
127,http://sub.cuberwr.online,1
128,http://sub.derrick.us.kg,0
129,http://sub.ss5.xyz,0
130,http://sub.vltr.us.kg,0
131,http://sub.xn--4gq62f8yih87b.xyz/yiyuan?token=1072b3a13f4fb5d8b2335f8edd6dce3e,0
132,http://support.zoom.us.blackhazard.mvsv.us.kg,0
133,http://support.zoom.us.sub.vltr.us.kg,0
134,http://support.zoom.us.vvip.inconigtomode.us.kg,0
135,http://top.phpcat.ir,0
136,http://trojans.securitystronghold.com,202
137,http://tsg-dhy.pages.dev,1
138,http://u1s2a-sub-sg.nfjbill.us.kg,0
139,http://uts-front.line-apps.com.vvip.inconigto.us.kg,0
140,http://vip.tfstore.biz.id,332
141,http://vipren.biz.id,1780
142,http://vpn.mhmmddnl.my.id,0
143,http://vtsbot.masukin.web.id,0
144,http://vvip.inconigto.us.kg,0
145,http://vyysub.euquw.cn/api/v1/client/subscribe?token=6e5f80fab864cbe419ec0f0cd83882b7,0
146,http://waslani-indramayu.my.id,0
147,http://webhook.ss5.xyz,0
148,http://webhook.taoqu88.com,0
149,http://www.crosswall.org/api/v1/client/subscribe?token=0eaf71a9d6cb235fdd280649b782905d,0
150,http://www.crosswall.org/api/v1/client/subscribe?token=8b8311758e4c21e235e98f02c67b4536,0
151,http://www.crosswall.org/api/v1/client/subscribe?token=a0c691efdad7bf992d7c737d83c5ffba,0
152,http://www.lavoixdesrroms.org,615
153,http://www.moxiaoying.top,0
154,http://www.op000.cn,1
155,http://www.supercharge.com.au,3196
156,http://www.travelferry.com,155
157,http://x2.xueshan.shop/s/52e4a0f0f4add8e7d5206bf5e317639a,0
158,http://xiaohuahuahuahuaclash.123499.xyz,0
159,http://yaml.xicun.us.kg,0
160,http://yangshuomao.xjp4.io,0
161,http://yanlay.onemonth.v6.army/sub/89b3cbba-e6ac-485a-9481-976a0415eab9,0
162,http://youtiao66clash.123499.xyz,0
163,http://ywl.201593.xyz/s/16687002e04dae38fcf8150829e5a943,0
164,http://ywl.201593.xyz/s/42d91418a7fe6dadfd7ba1e0dc2a1053,0
165,http://ywl.201593.xyz/s/479f5e96c556413bfc5e3adec87b025b,0
166,http://ywl.201593.xyz/s/4cf6a3fd45789ed1e21bc3b5d23e3495,0
167,http://ywl.201593.xyz/s/9e2f0f84922856493312a2d4c1838bfd,0
168,http://ywl.201593.xyz/s/c0df6ca659cf9408f6b0a03ce306d1e7,0
169,http://yzxxy.top:7001/s/1ccef1f52c9699eb66df5892eff6834f,0
170,http://yzxxy.top:7001/s/3cf80831db8b3405177e0eaf8f26cd3a,0
171,http://yzxxy.top:7001/s/bd55236380bc817c2dd02895e519c62e,0
172,http://yzxxy.top:7001/s/d6649d2e9958ddc0c06b2ac4e410eb75,0
173,http://zaintest.vuclip.com.afrcloud.xyz,0
174,http://zaintest.vuclip.com.sub.vltr.us.kg,0
175,http://zaintest.vuclip.com.vip.tfstore.biz.id,332
176,http://zaintest.vuclip.com.vpn.mhmmddnl.my.id,0
177,http://zaintest.vuclip.com.vtsbot.masukin.web.id,0
178,https://04hua.xiaoliyusub.top:8443/api/v1/client/2c1c6f4d49a84aed9ec36f5f47cb7fe7,0
179,https://088EA81A-3547-85E0-4AF6-DFCB3C6674AA.372372.xyz/api/v1/client/subscribe?token=d3065c795c0ea07c325756a2515708d9,25
180,https://088ea81a-3547-85e0-4af6-dfcb3c6674aa.372372.xyz/api/v1/client/subscribe?token=5cb24ce689fecdb776dbcc0f5c29fde5,26
181,https://088ea81a-3547-85e0-4af6-dfcb3c6674aa.372372.xyz/api/v1/client/subscribe?token=5cb24ce689fecdb776dbcc0f5c29fde5&amp;freeVPNjd,26
182,https://0d2th.no-mad-world.club/link/dacqbivsqysnpzlq?clash=3&amp;extend=1,7
183,https://0e321902-dbed-4a68-9561-901b83ce9a4b.xn--l6qx3lcvp58x.com/s/536c81b786085e0e5270db4185d21036,4
184,https://1.14.61.14,0
185,https://1.bethebest.eu.org/api/v1/client/subscribe?token=846d0801c50b4d5bc700617a1e38caaf,29
186,https://102.hssz202207.eu.org,0
187,https://102.xicun.us.kg,0
188,https://116.198.203.22,0
189,https://1321078938-11mmjf3qkb-hk.scf.tencentcs.com/api/v1/client/subscribe?token=cb1270a6aa0980c4de79b49aad8098f7,2
190,https://156.238.251.235,0
191,https://1821.nginx24ppy.xyz/link/kySLStKTpSimjajb?clash=1,103
192,https://185.230.187.39,0
193,https://185.230.187.40,0
194,https://196284.nginxzfd.xyz/link/esIsAcki4GGB50Vt?sub=3,0
195,https://1rzy6c5.wxll4.cfd/api/v1/client/subscribe?token=aaeeafc2936e179b5b88430677a401d9,0
196,https://202502181121431.chibaba.ggff.net/api/v1/client/subscribe?token=b5756287f05633d9068afb2a9fe375ba,0
197,https://202503212313501.chibaba.ggff.net/api/v1/client/subscribe?token=eee1b58c52d8e656bc6b729a182cf49b,0
198,https://2025y7y18.fyy.asia,106
199,https://2381bfde-8c93-4701-8f14-24f071067a1a.nginx24bit.xyz/api/v1/client/subscribe?token=7a34a7e4d092c4bc11064c4ca594a15c,45
200,https://29q93.no-mad-world.club/link/Fn2jGHphlEXjq86l?clash=3&amp;extend=1,0
201,https://31465.543412546.xyz/api/v1/client/subscribe?token=9d795a8dd28ef8f6676f1cc086b806db,0
202,https://33147899awhlop6658.hssl8088.icu/api/v1/client/subscribe?token=429d43b26c6ac9fad5ef88c2f7f2df2d,0
203,https://3366.svip988.com,0
204,https://45.137.181.197/api/v1/client/subscribe?token=57141b33b664412b3254cd69853edc57,66
205,https://47.239.42.117/api/v1/client/subscribe?token=777e228073625c4cad9a6cdfd13522b3,0
206,https://523qaweg246.pandafly.site/api/v1/client/subscribe?token=10df3d3eaadae9a959d708f1b8e2f8b4,0
207,https://6633.svip988.com,0
208,https://6666.pengggan.us.kg,0
209,https://666676666.xyz/api/v1/client/subscribe?token=45d4a6d5581d24b01e390da627b860d6,0
210,https://666676666.xyz/api/v1/client/subscribe?token=dc8260cdabfb187bf48f5963ea032678,0
211,https://666676666.xyz/api/v1/client/subscribe?token=f701ce71294b488eebc00937d841bebb,0
212,https://7777.pengggan.us.kg,0
213,https://8088.hssl8088.icu/api/v1/client/subscribe?token=4cb7ec74ccc68ff6d19ca8e74d251ab2,0
214,https://8088.hssl8088.icu/api/v1/client/subscribe?token=69a3727aa11627f74be389cf0f05a0f9,0
215,https://8088.hssl8088.icu/api/v1/client/subscribe?token=ea3fd44dcbeb6eb764d1bed3a30710fa,0
216,https://8y12aw.fyy.asia,22
217,https://8y12wasu.fxu.asia,0
218,https://9bd4028e.ghelper.me/subs/clash/e64615699bd4028e7ed0e1b6e7eb9655,23
219,https://NcLAhc.subxly.cfd:8443/api/v1/client/e5af9bc2d642948f3a0ee39d4a86a5d8,0
220,https://ab.dabai.in/link/9DDTZ2gMPSOGqfk7?clash=1,0
221,https://acsub.kyapi.xyz/modules/servers/V2RaySocks/subscribe/clash.php?sid=208610&token=77PPvErQfbJM,0
222,https://ads.ruangguru.com.blackhazard.mvsv.us.kg,0
223,https://ads.ruangguru.com.vvip.inconigto.us.kg,0
224,https://af078381-fcf9-457a-b03a-7bfaf506cd0b.xn--l6qx3lcvp58x.com/api/v1/client/subscribe?token=536c81b786085e0e5270db4185d21036,4
225,https://afrcloud.web.id,0
226,https://ag.bnpm.dynu.net:30443/api/v1/client/subscribe?token=58783846cbee6647784c16bb08d58918,0
227,https://aggregator.aoip.top/,0
228,https://ai.jiedianxielou.workers.dev/,7
229,https://ai.jiedianxielou.workers.dev/dwfb2a876gmpnfgiv8g9u5j2x,7
230,https://ai.ssrsub.com/api/v1/client/subscribe?token=467c48bc3778605fd1e76c9c8950f786,10
231,https://andrewji8-9527.xlog.app,113
232,https://ansuyun.xyz/api/as?token=329be9f6fc07ffff723c13ff6f478154,0
233,https://ansuyun.xyz/api/as?token=84a8bd92ef0ac3e8dc0df111eb2a4e08,0
234,https://ansuyun.xyz/api/as?token=a0600c664805237ffa7df55a12fa049e,0
235,https://aos.714541.xyz,0
236,https://ap.niaodi.top/niao?token=cdaa1b1f44005a4ed020ea98e001d0c5,6
237,https://api-hx.02000.net/api/v1/client/subscribe?token=9f44dff9e7a82425fc71e78c9d79fbb1,78
238,https://api.e986532.top/api/v1/client/subscribe?token=4a436c87943c221b2c1296018152a084,0
239,https://api.e986532.top/api/v1/client/subscribe?token=779f18d02602c1252fe4ab7a085d299c,9
240,https://api.e986532.top/api/v1/client/subscribe?token=84160be5a5d977d877724af38e490333,0
241,https://api.e986532.top/api/v1/client/subscribe?token=be99ad1e354169ca6ebd208a1d7abee9,9
242,https://api.liltjay.ip-ddns.com/TQWMYCWH2D,14
243,https://api.midtrans.com.vvip.inconigtomode.us.kg,0
244,https://api.mxlweb.xyz/sub?target=clash&url=https://mxlsub.me/free&insert=false,0
245,https://api.mxlweb.xyz/sub?target=clash&url=https://www.xrayvip.com/free.yaml&insert=false,0
246,https://api.sywk.com.cn,0
247,https://api.xinyo.vip/api/v1/client/subscribe?token=32766ad77e22239683fc3b9e2a06f4bd,2
248,https://api.xinyo.vip/api/v1/client/subscribe?token=5a563d7330dd13ce16ec909ea4257548,2
249,https://api.xinyo.vip/api/v1/client/subscribe?token=731485d80bbbde226e16ffac57a57554,2
250,https://api.xinyo.vip/api/v1/client/subscribe?token=825684aa7107efeabe525c12bd10bd02,2
251,https://api.xyurl.site/api/v1/client/subscribe?token=fed4ab7c582c2a41a08a858f91644430,0
252,https://api.xyurl.site/api/v1/client/subscribe?token=fed4ab7c582c2a41a08a858f91644430&amp;amp;ty,0
253,https://api.xyurl.site/api/v1/client/subscribe?token=fed4ab7c582c2a41a08a858f91644430&amp;ty,0
254,https://app.legeth.cc/api/v1/client/subscribe?token=16adca9ffbbf077e5b0d94107b071e46,0
255,https://app.mitce.com/?sid=150643&token=2532d78912788f2b0c88,0
256,https://apps.apple.com/us/app/sing-box-vt/id6673731168,0
257,https://ava.game.naver.com.afrcloud.xyz,0
258,https://ava.game.naver.com.blackhazard.mvsv.us.kg,0
259,https://ava.game.naver.com.milfhunter.mvsv.us.kg,0
260,https://ava.game.naver.com.vip.tfstore.biz.id,332
261,https://ava.game.naver.com.vtsbot.masukin.web.id,0
262,https://b3b0549e-160e-495a-a528-cccf5148bc48.372372.xyz/api/v1/client/subscribe?token=db8f691dbae4050ab22e5fe68351befb,25
263,https://b3b0549e-160e-495a-a528-cccf5148bc48.372372.xyz/api/v1/client/subscribe?token=db8f691dbae4050ab22e5fe68351befb&amp;amp;flag=clash,25
264,https://bbg.bbgjc.cc/api/v1/client/subscribe?token=5b4d09740029338c95d86d1a55a93932,0
265,https://bbg.bbgjc.cc/api/v1/client/subscribe?token=b74fde0a1b33d04b71b63c699e6ae1a0,0
266,https://bbg.bbgjc.cc/api/v1/client/subscribe?token=fe6e16ac63a5228a3ac47f540ff0f59b,0
267,https://bbgjc.cc/api/v1/client/subscribe?token=bd52599c078786e507b937a1412f4728,0
268,https://bbgjc.cc/api/v1/client/subscribe?token=f92307afae7e199dc73c3025db624ec0,0
269,https://bdsafhh.yiyuanlx.cc/s/01/mp4/subscribe?token=f09ff366d8b31d47327b468bf7e57590,0
270,https://bdsafhh.yiyuanlx.cc/s/01/mp4/subscribe?token=f8677bc36115b84848fcbac82ef6d773,0
271,https://bengalj.com/queue/list?token=d7b7a729b1adec9fd0c46a71d0e4d414,0
272,https://blog.6bohe.com,0
273,https://blog.moxiaoying.top,0
274,https://blog.sywk.com.cn,0
275,https://bmkg.xyz,2422
276,https://bmtzpyesa.rejestracja-cmscode.pl,0
277,https://bpjc.lol/api/bpjclol?token=068e0156746a301e8ad744cc05b3b3f0,0
278,https://bpjc.lol/api/bpjclol?token=a2036c6e0380a346b698f6eeb5bc9998,0
279,https://bpjc.lol/api/bpjclol?token=de40b3dd7bcd041c2a28453c70b261a9,0
280,https://bpjc.lol/api/bpjclol?token=f0c5d0428d5ac67f5cbba017b6cebd39&amp;flag=meta,0
281,https://business.blibli.com.blackhazard.mvsv.us.kg,0
282,https://butppo.473221.xyz/api/v1/client/subscribe?token=4d72e58ad1554af167239236db70a13d,0
283,https://cache.netflix.com.sub.vltr.us.kg,0
284,https://cache.netflix.com.vip.tfstore.biz.id,332
285,https://cache.netflix.com.vvip.inconigtomode.us.kg,0
286,https://cdn.appsflayer.com.vtsbot.masukin.web.id,0
287,https://cdn2.xmrth.one/s/twPVye3NGztX2uIP?clash=2,0
288,https://cf-workers-sub-9s8.pages.dev/CSDN,0
289,https://ch.cukug.website/api/v1/client/subscribe?token=3e4ad9ef197db68d199e5d1a4e27eee3,9
290,https://ch.cukug.website/api/v1/client/subscribe?token=d96b48a34918ab096906275485b162bb,0
291,https://cherryvpn.net/link/BVojdeBxzJ8Yauiv78912788?sub=2,0
292,https://christian.vivaldi.net,667
293,https://chromego-sub.netlify.app/sub/merged_proxies_new.yaml,6297
294,https://cindra.web.id,0
295,https://clash-verge.com,0
296,https://clash.221207.xyz/pubclashyaml,0
297,https://clash.daishuge.win,0
298,https://clash.phpman.top,1
299,https://clash.xin-yu.cloud,7
300,https://clashe.eu.org/clash/proxies,20
301,https://cloud.jsfx.tech/api/v1/client/subscribe?token=aeb102112c9d19fdcf3d64934e3aa6a5,0
302,https://cloud.jsfx.tech/api/v1/client/subscribe?token=ccf50f3dda6248039be8e5f8d662f84b,0
303,https://cloudfisher.net/jsk34?token=e73fdfa019c006867062d69e0065d54a,0
304,https://cloudfisher.top/jsk34?token=b7f55ce12c227c39c89f65a1998ab8ba,0
305,https://cloudfisher.top/jsk34?token=b94a2990035fe4a9a414b8330313e6b9,0
306,https://conta.sub-mitce.com/?sid=208085&token=896b4eaaeba6a51910e9,0
307,https://d7b12d59-21aa-9561-087f-89c834ac7fe8.372372.xyz/api/v1/client/subscribe?token=4c409288a54caf5d44ab2a537f814bb8,25
308,https://d7b12d59-21aa-9561-087f-89c834ac7fe8.372372.xyz/api/v1/client/subscribe?token=5d8d7e20b02946587c9db997b91e3fcc,0
309,https://d7b12d59-21aa-9561-087f-89c834ac7fe8.372372.xyz/api/v1/client/subscribe?token=5d8d7e20b02946587c9db997b91e3fcc&amp;amp;amp;flag=shadowrocket,0
310,https://d7b12d59-21aa-9561-087f-89c834ac7fe8.372372.xyz/api/v1/client/subscribe?token=5d8d7e20b02946587c9db997b91e3fcc&amp;amp;flag=shadowrocket,0
311,https://d7b12d59-21aa-9561-087f-89c834ac7fe8.372372.xyz/api/v1/client/subscribe?token=67ad098e7e4f784d5df85120820c6385&amp;flag=meta,25
312,https://d7b12d59-21aa-9561-087f-89c834ac7fe8.372372.xyz/api/v1/client/subscribe?token=f32350c82a01b364e0250785ad9897fd,25
313,https://d7b12d59-21aa-9561-087f-89c834ac7fe8.372372.xyz/api/v1/client/subscribe?token=f32350c82a01b364e0250785ad9897fd&amp;flag=meta,25
314,https://df.game.naver.com.vvip.inconigto.us.kg,0
315,https://df.game.naver.com.vvip.inconigtomode.us.kg,0
316,https://dj.taipeicity.news/api/v1/client/subscribe?token=6950286ce60a8b17b4dfed97392344e2,0
317,https://dy-1.smjcdh.com/api/v1/client/subscribe?token=7d157326d8bd3543cab5a58c4b056ced&amp;types=hysteria2,0
318,https://dy-1.smjcdh.com/api/v1/client/subscribe?token=e60fd2941f6142549885f79916504577,0
319,https://dy.naisicloud.xyz/api/v1/client/subscribe?token=334f2d55ae7cbe4e0bdb1234d9c6f241,0
320,https://dy.naisicloud.xyz/api/v1/client/subscribe?token=595fbffde599301c81e579547896c942,0
321,https://dy.naisicloud.xyz/api/v1/client/subscribe?token=a91ba6f9a7523e5e30f6f642459b171b,0
322,https://dy.naisicloud.xyz/api/v1/client/subscribe?token=a9886561385267dca13f0a96c0903fbd&amp;flag=meta,0
323,https://dy.naisicloud.xyz/api/v1/client/subscribe?token=b96039ed4cb7f3a20c96a875101a7419&amp;flag=meta,0
324,https://dy.pmy666.xyz/api/v1/client/subscribe?token=cbe565d328fc2796ae8807c9f0a37611,0
325,https://efxxl.xyz/queue/list?token=9fd6ff40ab57235af21b8481472f59e4,0
326,https://emm-7zy.pages.dev/CSDN,0
327,https://fastly.jsdelivr.net/gh/chengaopan/AutoMergePublicNodes@master/list.txt,209
328,https://fba01.fbsubcn01.cc:2096/flydsubal/ptotqkpvctjw33hw?sub=2&extend=1,0
329,https://fbapiv2.fbsublink.com/flydsubal/ptt8dm31ruzp8std?clash=1&extend=1,77
330,https://flclash.us.kg,312
331,https://forum.tinyserve.com,0
332,https://gates.djjc.cfd/api/v1/client/subscribe?token=db51394a4b090c18a5954bc16cb5bea6,0
333,https://gbtgurl.me/api/v1/client/subscribe?token=bd0f388767d29819fced466ec0a19675,0
334,https://gbtgurl.me/api/v1/client/subscribe?token=bd0f388767d29819fced466ec0a19675&amp;types,0
335,https://getinfo.bigbigwatermelon.com/s?token=46a05a9cca3d964ba59c8549d9259904,0
336,https://gfdlaw9.xiaoliyu.xyz:8443/api/v1/client/2ffe6c21898d497cdbd08492e24d921a,0
337,https://gillwongclash.123499.xyz,0
338,https://gist.githubusercontent.com/175shh/1a7794570801900a07c489f264cfa4cd/raw/c3d3190cc43965a0b92df364a7c90e32680fc2a3/clash.yaml,31
339,https://gist.githubusercontent.com/AGZZY11/4759fd4fa000ec9e0463a80e9120b0d3/raw/b5014d66f77bb98b1139b816682da83469aa4c36/clash.yaml,0
340,https://gist.githubusercontent.com/AGZZY11/b9909600715c43c740d818881b29f5dc/raw/6037ecb60b7ef912e9811d5366fd907ea7189ed3/clash.yaml,98
341,https://gist.githubusercontent.com/AKA-Cigma/c1e5670fcc68645d29e4c84be2706b97/raw/4040c2ff9e34502b17c906143fd77eedb1ae5999/clash.yaml,166
342,https://gist.githubusercontent.com/JasonNF/ceba530469856ae3a957ff2f433a7da6/raw/e777c1742af99fb8a33c9c2551ebbcb4cfed7fdd/jc,106
343,https://gist.githubusercontent.com/JasonSong888/0f6b7a7257b11588a2396ebde87172e7/raw/abac073fec95e28bb5543f08950ed2d8e2993fd0/all.yaml,309
344,https://gist.githubusercontent.com/Lkwang88/e17991efa9a7dcd87a2ce496355b1678/raw/94d0d68fd4a25516f19b5495cc53c8ac1abdb9fe/PIA,38
345,https://gist.githubusercontent.com/amaury1093/14ca7b76ccdeaae4c5e7f0b00d08059b/raw/bb6b78f9c9fbcd34179e75b689a88cf2884c1274/jon-docker-compose.yaml,46
346,https://gist.githubusercontent.com/beck-8/cfdd91729b358903ccc2da0b42524029/raw/8bd0bb61139304ac003b6164ff898e7f912457bb/all.yaml,0
347,https://gist.githubusercontent.com/beck-8/cfdd91729b358903ccc2da0b42524029/raw/fba9e9f124ec14071b065aab806c26f0e1d805f5/all.yaml,0
348,https://gist.githubusercontent.com/czyt/0e55944ee55a1c8429e0089c1bd96289/raw/0b25f35dd0c0703ee119add18d58328c1dc97526/proxies.yaml,91
349,https://gist.githubusercontent.com/fansiphone/3056eb57711bf36f7c88b9c915e93d6a/raw/144560016fe1ee43c44f8b028572690d9cd4be73/qb.yaml,1911
350,https://gist.githubusercontent.com/fansiphone/3056eb57711bf36f7c88b9c915e93d6a/raw/e2a5ea9778ef118b841f8dc5d0cad7064d59a076/qb.yaml,1872
351,https://gist.githubusercontent.com/fansiphone/ccff3b9d505935afdc55356241a099fb/raw/e308754ad6962370a8e0245724658f55c79bc09a/qb.yaml,101
352,https://gist.githubusercontent.com/helloZOP/203e54eb62e452ac7d718a7c5d6fb00b/raw/3b0cae67c563845452ff8eb3fb96c8604840ed8a/clash.yaml,380
353,https://gist.githubusercontent.com/helloZOP/203e54eb62e452ac7d718a7c5d6fb00b/raw/d45742b545dce02f5cf10eeed3d13243b8a27420/clash.yaml,363
354,https://gist.githubusercontent.com/hytkxp/aac223c721b8fde56c9d710eb8d233f4/raw/7008d9d784f8ff01f98cfa821b6622e00fa070a3/proxies.yaml,0
355,https://gist.githubusercontent.com/molaeiabbas/8d095d0d44f3ca1e18b44ed2023782f1/raw/050bfbe85a513136a81d6630fda40a62dca681b8/sub.json,0
356,https://gist.githubusercontent.com/sithu015/079b4edfa980ed6edbf8cf31a2c86c43/raw/b812aa262217a3c00aa969a0edafae19f2d573b1/anaer,0
357,https://gist.githubusercontent.com/sucan2233/7c426c2d0494ce074d41852e509be155/raw/67f2bc1d35f85a2b085a946c2a44df439005ecc9/clash.yaml,384
358,https://gist.githubusercontent.com/wj6019/91ca3a420ffb98c702e18151685e753b/raw/a3c8b03691eaccaeeb970ceff2380038472a1608/clash.yaml,0
359,https://gist.githubusercontent.com/wu-mx/0c23011b99cd4e84cd3fb1f10fd8a002/raw/d452d9f42a8aafcf46c08d4e5ff7c0bb32a06e5c/Paily_Connect_Insider.yaml,131
360,https://gist.githubusercontent.com/xiaoruibest/7caf90aaeff4d8d46d5c10a7a968a55e/raw/4820c21cb81a7f65dd95a1b9a7fed725bcf3e561/bestsub.yaml,74
361,https://gist.githubusercontent.com/ye4241/1c93c56cd514a757cb8239b52bae3c68/raw/295ddba8e12b2d26c415d26a4184d59e5001862e/clash.yaml,118
362,https://gist.githubusercontent.com/yinqf/9da6c7fe6c8b520c6a142d27bfecd2f6/raw/6ddf1ba8d3b42138a4ebe7558129c1116bbc1729/clash.yaml,27
363,https://gist.zmy666.us.kg,0
364,https://github.com/ClodQiu/Clash.Base64/blob/Grey/Node.Address,0
365,https://github.com/mahdibland/V2RayAggregator/raw/master/sub/sub_merge_yaml.yml,5388
366,https://github.com/skywrt/NiceVPN/blob/refs%2Fheads%2Fmain/utils%2Fpool%2Foutput.yaml,0
367,https://gitlab.com/colloq168/nodefiltrate/-/raw/main/filtrate?ref_type=heads,237
368,https://goch.diyvcn.cloudns.ch,0
369,https://gowarp.diyvcn.cloudns.ch,0
370,https://gpukevzrsc.eastasia.cloudapp.azure.com/search?token=b1316cf47492040934fe3cbd38140c4d,0
371,https://gpukevzrsc.eastasia.cloudapp.azure.com/search?token=b1316cf47492040934fe3cbd38140c4d&amp,0
372,https://guq3tjlp.subxly.cfd:8443/api/v1/client/2c1c6f4d49a84aed9ec36f5f47cb7fe7,0
373,https://hjcm0.pages.dev/tom123tye321?b64,0
374,https://hjcm1.pages.dev/tom123tye321?b64,61
375,https://hjcm2.pages.dev/tom123tye321?b64,23
376,https://hjcm3.pages.dev/tom123tye321?b64,6992
377,https://homerstrojantheater.iath.virginia.edu,196
378,https://hr.phpcat.ir,0
379,https://hrqiea.subxly.cfd:8443/api/v1/client/03e798cf34ffc623a859e9d24c55c2d3,0
380,https://i-integration-gojekapi.com.vvip.inconigto.us.kg,0
381,https://iBrRN.subxly.cfd:8443/api/v1/client/ebb722159ee310256e954e847a53f51f,0
382,https://id-vpnvip.my.id,3
383,https://igdux.top/5Hna,22
384,https://inversoressolar.com,756
385,https://investor.fb.com.blackhazard.mvsv.us.kg,0
386,https://iuiu.lovebabyforever.workers.dev/,85
387,https://j.daishuge.org,0
388,https://jb.taipeicity.news/api/v1/client/subscribe?token=70a49b1097251b0948e766b23f71d641,0
389,https://jb.taipeicity.news/api/v1/client/subscribe?token=f44649f0c22e76aabd217ee7eed4f3e8,0
390,https://jc.hsbogk.icu,0
391,https://jd.lovebabyforever.workers.dev/,0
392,https://jgw-mg-pu.cfdns.us.kg,0
393,https://kpox8pzltp8.irss.eu.org,49
394,https://laosijicc.top/lsj/vip/client/subscribe?token=e4e94e7edfb721e3fe642413ca1eb42a,0
395,https://let.bnsubservdom.com/api/v1/client/subscribe?token=910fe708e5910f6384253887e0f405d6,0
396,https://linke.phantasy.life/api/v1/client/subscribe?token=46dc6620b8c79c0568a1db3e14e1bbf6&flag=meta,0
397,https://ly.ccwink.cc/api/v1/client/subscribe?token=c2bc3bc950ec1e5d22bc9f45716a28a2,0
398,https://mail.inversoressolar.com,756
399,https://media-cgk1-1.cdn.whatsapp.net.vvip.inconigto.us.kg,0
400,https://mediafairy.us.kg,0
401,https://mhq.us.kg,0
402,https://milfhunter.mvsv.us.kg,0
403,https://mjj.oldzhg.com,0
404,https://mojie.co/api/v1/client/subscribe?token=21e29de55733e92dbb0b0af9f048b294,49
405,https://moxiaoying.top,0
406,https://mst2.xicun.us.kg,0
407,https://muguayun9527.scyu.live,0
408,https://mxlsub.me/newfull,156
409,https://nodecat.githubrowcontent.com,0
410,https://onlysub.mjurl.com/api/v1/client/subscribe?token=24691c7db62c4214d6e96ff128da0b6f,49
411,https://onlysub.mjurl.com/api/v1/client/subscribe?token=24691c7db62c4214d6e96ff128da0b6f&amp;@Violet_99,49
412,https://onlysub.mjurl.com/api/v1/client/subscribe?token=24691c7db62c4214d6e96ff128da0b6f&amp;@mrbeemhy,49
413,https://pool.cfip.nyc.mn,121
414,https://pqjc.site/api/v1/client/subscribe?token=047e5d92fe19c7a01e26b2e4c7ab48ab,0
415,https://prop.cf/?name=paimon&client=base64,0
416,https://prop.cf/?name=paimon&client=clash,0
417,https://proxy-air.zheyu.one,27
418,https://proxy-mini.zheyu.one,42
419,https://proxy-phone.zheyu.one,485
420,https://proxy.crazygeeky.com/clash/proxies,0
421,https://proxy.zheyu.one,96
422,https://proxypool.link/clash/proxies,284
423,https://proxypool.link/trojan/sub,21
424,https://proxypool.link/vmess/sub,44
425,https://proxypool1999.banyunxiaoxi.icu/clash/proxies,0
426,https://pvn4hq.xiaoliyusub.top:8443/api/v1/client/f253d52ef399a8bb2fd67e26d6ba142a,0
427,https://pxypool.131433.xyz/clash/proxies,8
428,https://qq.xlm.plus/api/v1/client/subscribe?token=9e5db95336ab586ac6c4e2306c4d25a9,0
429,https://quiz.int.vidio.com.sub.vltr.us.kg,0
430,https://qxuig4.youxuan.wiki/api/v1/client/subscribe?token=64fd17ef8656b9ad85c496c8fc1b1a65,36
431,https://qxuig4.youxuan.wiki/api/v1/client/subscribe?token=daad59313cb2a7773b305df61a5e554e,36
432,https://r.sywk.com.cn,0
433,https://raw.githubusercontent.com/Alvin9999/pac2/master/clash.meta2/1/config.yaml,0
434,https://raw.githubusercontent.com/Alvin9999/pac2/master/clash.meta2/13/config.yaml,0
435,https://raw.githubusercontent.com/Alvin9999/pac2/master/clash.meta2/15/config.yaml,0
436,https://raw.githubusercontent.com/Alvin9999/pac2/master/clash.meta2/2/config.yaml,0
437,https://raw.githubusercontent.com/Alvin9999/pac2/master/clash.meta2/3/config.yaml,0
438,https://raw.githubusercontent.com/Alvin9999/pac2/master/clash.meta2/config.yaml,0
439,https://raw.githubusercontent.com/AzadNetCH/Clash/refs/heads/main/AzadNet_iOS.txt,6
440,https://raw.githubusercontent.com/Barabama/FreeNodes/main/nodes/clashmeta.txt,283
441,https://raw.githubusercontent.com/Barabama/FreeNodes/main/nodes/ndnode.txt,23
442,https://raw.githubusercontent.com/Barabama/FreeNodes/main/nodes/nodefree.txt,20
443,https://raw.githubusercontent.com/Barabama/FreeNodes/main/nodes/nodev2ray.txt,291
444,https://raw.githubusercontent.com/Barabama/FreeNodes/main/nodes/v2rayshare.txt,28
445,https://raw.githubusercontent.com/Barabama/FreeNodes/main/nodes/wenode.txt,16
446,https://raw.githubusercontent.com/Barabama/FreeNodes/main/nodes/yudou66.txt,298
447,https://raw.githubusercontent.com/Barabama/FreeNodes/master/nodes/blues.txt,539
448,https://raw.githubusercontent.com/Barabama/FreeNodes/master/nodes/merged.txt,327
449,https://raw.githubusercontent.com/Barabama/FreeNodes/master/nodes/yudou66.txt,193
450,https://raw.githubusercontent.com/Barabama/FreeNodes/master/nodes/zyfxs.txt,163
451,https://raw.githubusercontent.com/Flikify/getNode/main/v2ray.txt,34
452,https://raw.githubusercontent.com/Huibq/NoMoreWalls/a95e48102ff7c3d68c05d77da4e4ae546af0c032/list.yml,219
453,https://raw.githubusercontent.com/Huibq/TrojanLinks/master/links/vmess,0
454,https://raw.githubusercontent.com/John19187/v2ray-SSR-Clash-Verge-Shadowrocke/refs/heads/main/README.md,0
455,https://raw.githubusercontent.com/Leon406/SubCrawler/73a739dcf72baec8a55e903ad7d19584a77e6e28/sub/share/a11,377
456,https://raw.githubusercontent.com/Mr8AHAL/v2ray/main/SERVER.txt,26
457,https://raw.githubusercontent.com/MrMohebi/xray-proxy-grabber-telegram/master/collected-proxies/clash-meta/all.yaml,0
458,https://raw.githubusercontent.com/NiceVPN123/NiceVPN/main/utils/pool/output.yaml,0
459,https://raw.githubusercontent.com/Pawdroid/Free-servers/main/sub,36
460,https://raw.githubusercontent.com/Pawdroid/Free-servers/refs/heads/main/README.md,131
461,https://raw.githubusercontent.com/Pawdroid/Free-servers/refs/heads/main/sub,36
462,https://raw.githubusercontent.com/Q3dlaXpoaQ/V2rayN_Clash_Node_Getter/main/APIs/sc0.yaml,0
463,https://raw.githubusercontent.com/Q3dlaXpoaQ/V2rayN_Clash_Node_Getter/main/APIs/sc1.yaml,73
464,https://raw.githubusercontent.com/Q3dlaXpoaQ/V2rayN_Clash_Node_Getter/main/APIs/sc2.yaml,0
465,https://raw.githubusercontent.com/Q3dlaXpoaQ/V2rayN_Clash_Node_Getter/main/APIs/sc3.yaml,17
466,https://raw.githubusercontent.com/Q3dlaXpoaQ/V2rayN_Clash_Node_Getter/main/APIs/sc4.yaml,71
467,https://raw.githubusercontent.com/Q3dlaXpoaQ/V2rayN_Clash_Node_Getter/refs/heads/main/APIs/sc0.yaml,0
468,https://raw.githubusercontent.com/Q3dlaXpoaQ/V2rayN_Clash_Node_Getter/refs/heads/main/APIs/sc1.yaml,73
469,https://raw.githubusercontent.com/Q3dlaXpoaQ/V2rayN_Clash_Node_Getter/refs/heads/main/APIs/sc2.yaml,0
470,https://raw.githubusercontent.com/Q3dlaXpoaQ/V2rayN_Clash_Node_Getter/refs/heads/main/APIs/sc3.yaml,17
471,https://raw.githubusercontent.com/Q3dlaXpoaQ/V2rayN_Clash_Node_Getter/refs/heads/main/APIs/sc4.yaml,71
472,https://raw.githubusercontent.com/Rokate/Proxy-Sub/main/clash/clash_trojan.yml,0
473,https://raw.githubusercontent.com/Rokate/Proxy-Sub/main/clash/clash_v2ray.yml,0
474,https://raw.githubusercontent.com/Roywaller/clash_subscription/main/clash_subscription.txt,38
475,https://raw.githubusercontent.com/Roywaller/clash_subscription/refs/heads/main/clash_subscription.txt,38
476,https://raw.githubusercontent.com/Ruk1ng001/freeSub/main/clash.yaml,633
477,https://raw.githubusercontent.com/SamanGho/v2ray_collector/main/v2tel_links1.txt,33843
478,https://raw.githubusercontent.com/SamanGho/v2ray_collector/main/v2tel_links2.txt,24176
479,https://raw.githubusercontent.com/SamanGho/v2ray_collector/refs/heads/main/v2tel_links1.txt,22594
480,https://raw.githubusercontent.com/SamanGho/v2ray_collector/refs/heads/main/v2tel_links2.txt,24176
481,https://raw.githubusercontent.com/SoliSpirit/v2ray-configs/main/all_configs.txt,15138
482,https://raw.githubusercontent.com/Surfboardv2ray/TGParse/main/python/hy2,0
483,https://raw.githubusercontent.com/Surfboardv2ray/TGParse/main/python/hysteria2,10
484,https://raw.githubusercontent.com/Vauth/node/main/Main,6137
485,https://raw.githubusercontent.com/VpnNetwork01/vpn-net/main/README.md,81
486,https://raw.githubusercontent.com/WTNLXTBL/Node-Fetch/fb5a9cf0e51ad1e21ca856e7c18b71a603801045/list.yml,0
487,https://raw.githubusercontent.com/a2470982985/getNode/main/clash.yaml,54
488,https://raw.githubusercontent.com/abshare/abshare.github.io/main/README.md,62
489,https://raw.githubusercontent.com/acymz/AutoVPN/main/data/V2.txt,772
490,https://raw.githubusercontent.com/aiboboxx/clashfree/main/clash.yml,0
491,https://raw.githubusercontent.com/aiboboxx/clashfree/refs/heads/main/clash.yml,0
492,https://raw.githubusercontent.com/aiboboxx/kexueshangwang/main/README.md,0
493,https://raw.githubusercontent.com/aiboboxx/v2rayfree/main/v2,341
494,https://raw.githubusercontent.com/aiboboxx/v2rayfree/refs/heads/main/README.md,372
495,https://raw.githubusercontent.com/anaer/Sub/main/clash.yaml,115
496,https://raw.githubusercontent.com/anaer/Sub/refs/heads/main/clash.yaml,115
497,https://raw.githubusercontent.com/barry-far/V2ray-Configs/main/All_Configs_Sub.txt,10020
498,https://raw.githubusercontent.com/bobo196904/bocai/2e1a9f65ecb674742e0cda6a0a3449915ae00973/bocai,0
499,https://raw.githubusercontent.com/caijh/FreeProxiesScraper/main/README.md,161
500,https://raw.githubusercontent.com/chengaopan/AutoMergePublicNodes/5b8b06da7f7d3067c8c96a11614edd811f44a19a/list.yml,86
501,https://raw.githubusercontent.com/chengaopan/AutoMergePublicNodes/master/list.txt,389
502,https://raw.githubusercontent.com/chengaopan/AutoMergePublicNodes/master/list.yml,174
503,https://raw.githubusercontent.com/chengaopan/AutoMergePublicNodes/refs/heads/master/list.yml,174
504,https://raw.githubusercontent.com/chengaopan/NoMoreWalls/3bcdebb50a05388159f610764b207f434b7a420f/list.yml,89
505,https://raw.githubusercontent.com/darknessm427/IranConfigCollector/main/V2.txt,200
506,https://raw.githubusercontent.com/ermaozi/get_subscribe/main/subscribe/clash.yml,22
507,https://raw.githubusercontent.com/fansiphone/BPB-Worker-Panel/refs/heads/main/suoyou.txt,6378
508,https://raw.githubusercontent.com/fansiphone/pachong-tom/refs/heads/master/list.txt,0
509,https://raw.githubusercontent.com/firefoxmmx2/v2rayshare_subcription/main/subscription/clash_sub.yaml,26
510,https://raw.githubusercontent.com/free18/v2ray/main/c.yaml,197
511,https://raw.githubusercontent.com/free18/v2ray/refs/heads/main/c.yaml,197
512,https://raw.githubusercontent.com/freefq/free/master/v2,15
513,https://raw.githubusercontent.com/ggborr/FREEE-VPN/main/3V2ray,0
514,https://raw.githubusercontent.com/ggborr/FREEE-VPN/main/4V2ray,0
515,https://raw.githubusercontent.com/go4sharing/sub/main/sub.yaml,312
516,https://raw.githubusercontent.com/harrylisen/aggregator/main/aggregate/data/proxies.yaml,0
517,https://raw.githubusercontent.com/learnhard-cn/free_proxy_ss/main/clash/clash.provider.yaml,0
518,https://raw.githubusercontent.com/leetomlee123/freenode/main/README.md,19
519,https://raw.githubusercontent.com/leetomlee123/freenode/refs/heads/main/README.md,19
520,https://raw.githubusercontent.com/lflflf999/0516/main/BX-JD,94
521,https://raw.githubusercontent.com/ljsshd/aggregator/main/data/clash.yaml,0
522,https://raw.githubusercontent.com/mahdibland/SSAggregator/master/sub/airport_sub_merge.txt,61
523,https://raw.githubusercontent.com/mahdibland/SSAggregator/master/sub/sub_merge.txt,5896
524,https://raw.githubusercontent.com/mahdibland/SSAggregator/master/sub/sub_merge_yaml.yml,5388
525,https://raw.githubusercontent.com/mahdibland/ShadowsocksAggregator/master/Eternity.yml,201
526,https://raw.githubusercontent.com/mai19950/clashgithub_com/main/site,0
527,https://raw.githubusercontent.com/mai19950/clashgithub_com/refs/heads/main/site,0
528,https://raw.githubusercontent.com/mai19950/maomao_sub/refs/heads/main/clash.yaml,0
529,https://raw.githubusercontent.com/mfbpn/tg_mfbpn_sub/main/trial.yaml,0
530,https://raw.githubusercontent.com/mfuu/v2ray/master/clash.yaml,0
531,https://raw.githubusercontent.com/mfuu/v2ray/master/v2ray,504
532,https://raw.githubusercontent.com/mgit0001/test_clash/main/heima.txt,25
533,https://raw.githubusercontent.com/mgit0001/test_clash/refs/heads/main/heima.txt,25
534,https://raw.githubusercontent.com/mksshare/mksshare.github.io/main/README.md,76
535,https://raw.githubusercontent.com/peacefish/nodefree/main/sub/proxy_cf.yaml,169
536,https://raw.githubusercontent.com/peasoft/NoMoreWalls/master/list.meta.yml,443
537,https://raw.githubusercontent.com/peasoft/NoMoreWalls/master/list.yml,159
538,https://raw.githubusercontent.com/peasoft/NoMoreWalls/master/list_raw.txt,354
539,https://raw.githubusercontent.com/peasoft/NoMoreWalls/refs/heads/master/list.yml,159
540,https://raw.githubusercontent.com/qjlxg/aggregator/main/data/clash.yaml,3219
541,https://raw.githubusercontent.com/qjlxg/hy2/main/splitted/hy2,14
542,https://raw.githubusercontent.com/qjlxg/ss/refs/heads/master/list.yml,0
543,https://raw.githubusercontent.com/ripaojiedian/freenode/main/clash,22
544,https://raw.githubusercontent.com/ripaojiedian/freenode/main/sub,23
545,https://raw.githubusercontent.com/ronghuaxueleng/get_v2/main/pub/combine.yaml,187
546,https://raw.githubusercontent.com/rzhy1/11/master/sub/sub_merge_base64.txt,1091
547,https://raw.githubusercontent.com/shahidbhutta/Clash/main/Router,19
548,https://raw.githubusercontent.com/shahidbhutta/Clash/refs/heads/main/Router,19
549,https://raw.githubusercontent.com/skywrt/Preferred-service/667df8d818254af5ee2f136cbd81b00eb3341246/list.yml,1427
550,https://raw.githubusercontent.com/skywrt/Preferred-service/refs/heads/master/list.txt,4917
551,https://raw.githubusercontent.com/skywrt/v2ray-Collector/master/clash.yaml,426
552,https://raw.githubusercontent.com/skywrt/v2ray-Collector/master/v2ray,427
553,https://raw.githubusercontent.com/snakem982/proxypool/main/source/clash-meta-2.yaml,207
554,https://raw.githubusercontent.com/snakem982/proxypool/main/source/clash-meta.yaml,137
555,https://raw.githubusercontent.com/snakem982/proxypool/main/source/v2ray-2.txt,180
556,https://raw.githubusercontent.com/snakem982/proxypool/main/source/v2ray.txt,273
557,https://raw.githubusercontent.com/soroushmirzaei/telegram-configs-collector/main/protocols/shadowsocks,728
558,https://raw.githubusercontent.com/soroushmirzaei/telegram-configs-collector/main/protocols/trojan,1826
559,https://raw.githubusercontent.com/soroushmirzaei/telegram-configs-collector/main/protocols/vmess,100
560,https://raw.githubusercontent.com/thuhollow2/myconfig/main/config.yaml,0
561,https://raw.githubusercontent.com/ts-sf/fly/main/clash,200
562,https://raw.githubusercontent.com/vxiaov/free_proxies/main/clash/clash.provider.yaml,27
563,https://raw.githubusercontent.com/vxiaov/free_proxies/main/links.txt,10
564,https://raw.githubusercontent.com/wangyingbo/v2rayse_sub/80c236985d2cc3a849cbbe6f83d713e7209faca6/wzdnzd_aggregator_sub/merged.txt,261
565,https://raw.githubusercontent.com/wudongdefeng/free/refs/heads/main/freevm/list.yml,310
566,https://raw.githubusercontent.com/xiaoji235/airport-free/main/clash/naidounode.txt,0
567,https://raw.githubusercontent.com/xiaoji235/airport-free/main/v2ray.txt,597
568,https://raw.githubusercontent.com/xiaoji235/airport-free/main/v2ray/v2rayshare.txt,28
569,https://raw.githubusercontent.com/xiaoji235/airport-free/refs/heads/main/clash/naidounode.txt,0
570,https://raw.githubusercontent.com/xiaomayi0804/ding/refs/heads/main/vip-jd,22
571,https://raw.githubusercontent.com/xiaomayi0804/ding/refs/heads/main/vip-jd1,6
572,https://raw.githubusercontent.com/zhangkaiitugithub/passcro/main/speednodes.yaml,128
573,https://raw.githubusercontent.com/zhangkaiitugithub/passcro/main/speednodes.yaml,116
574,https://record.piao.news/api/v1/client/subscribe?token=cb3c45324894561b69c4a9bc33fe3ac9,0
575,https://rgergergergerg6555.saojc.xyz/api/v1/client/subscribe?token=750810736ea0883ffd61f1b1c416b885,58
576,https://rss.rss-node.com/link/cp9ozZSWWe5aOJkY?mu=1,6
577,https://rsslinghun1.xyz/api/v1/client/subscribe?token=2dbf0a51e5306963cd207387c5bd7298,0
578,https://scdy01.bmr5j1.net,0
579,https://sentry-uit.line-apps.com.vvip.inconigto.us.kg,0
580,https://sentry-uit.line-apps.com.vvip.inconigtomode.us.kg,0
581,https://shz.al/aNpJ,0
582,https://sos.cmliussss.net,0
583,https://spaceport.wsm.ink,0
584,https://ss.xjp4.io,0
585,https://sub-jam.cfd/api/v1/client/subscribe?token=8e4e8f33add06f7b03408fb0ae4a5a2a,0
586,https://sub.bxy.org.uk/api/v1/client/subscribe?token=e57e0cae5405ee66d3eb9059a4e7e13a,31
587,https://sub.bxy.org.uk/api/v1/client/subscribe?token=e57e0cae5405ee66d3eb9059a4e7e13a&amp,31
588,https://sub.cokecloud.world/api/v1/client/subscribe?token=7f3929bf59f27b8a72a56f79c2696489,45
589,https://sub.derrick.us.kg,0
590,https://sub.krsd.xyz/link/4LmGherEfnJS2hMg?clash=1,0
591,https://sub.miaolianyun.vip/mly_sub?token=ddbf2b93e2f87f871aba3c0c33e5a63f,0
592,https://sub.nfsn666.eu.org/nfsn666,300
593,https://sub.reajason.eu.org/clash.yaml,14
594,https://sub.sanfen018.xyz/api/v1/client/subscribe?token=345e0fd313f9ef93b0ff8476fe54b4cd&amp;flag=clash,0
595,https://sub.ss5.xyz,0
596,https://sub.vltr.us.kg,0
597,https://sub.vvcloud.us.kg/s/1a662222e5e2543dc0362c77186715ca,0
598,https://sub.xn--4gq62ffxz.net/s/42ffbe6e75edf1c374aae87c47d2322c,0
599,https://sub.xn--4gq62ffxz.net/s/719748d61dbf8ec8bf12a9d5cc251464,0
600,https://sub.xn--4gq62ffxz.net/s/794e547302fa24c10f7fb8e4d7279e3f,0
601,https://sub.xn--4gq62ffxz.net/s/a0428716cca905f1aae2c4f39048b664,0
602,https://sub.xn--4gq62ffxz.net/s/d096734366c50564b723b1bc3b974c5e,0
603,https://sub.xn--4gq62ffxz.net/s/ea14b749da080ef35ac880bf2e6abf04,0
604,https://sub.xn--4gq62ffxz.net/s/f150474dc3cd7bb3e77d2cd76db500b1,0
605,https://sub.xn--4gqp1u.com/s/21379719f58372ef50da29b49f3e3e24,0
606,https://sub.xn--4gqp1u.com/s/21a12ec58a999cec37efcaf2195c9bd4,0
607,https://sub.xn--9kqu5y58a.com/s/198e5e21281208e3223063288e718310,0
608,https://sub.xn--9kqu5y58a.com/s/2023614a0714b6d5efe23eae4a99fc8c,0
609,https://sub.xn--9kqu5y58a.com/s/3d159054b84b6fa9d5a21eb68c92ea5a,0
610,https://sub.xn--9kqu5y58a.com/s/86e4fb0aaa9586eeaf134f6fa19ca5fb,0
611,https://sub.xn--9kqu5y58a.com/s/94744ad176e8a79ffad81f365d6f0b6e,0
612,https://sub.xn--9kqu5y58a.com/s/9e204fe56e2aa0f9c5798fb592eb3b47,0
613,https://sub.xn--ehq892bqzy.us.kg/sub/clash-meta?url=vless%3A%2F%2Fa917a522-3284-4230-bfe7-20e200c63671%4045.78.52.81%3A13612%3FheaderType%3Dnone%26type%3Dtcp%26encryption%3Dnone%26fp%3Dios%26fp%3Dios%26pbk%3D05834N9pSsDgKyk9vO_bbaQqsbUU_KW8PUgxidX_VzE%26flow%3Dxtls-rprx-vision%26security%3Dreality%26sni%3Dwww.tesla.com%23233boy-reality-tesla&remote_config=https%3A%2F%2Fraw.githubusercontent.com%2FACL4SSR%2FACL4SSR%2Fmaster%2FClash%2Fconfig%2FACL4SSR_Online.ini&udp=true&show_host=false&forced_ws0rtt=false,0
614,https://sub.xn--ehq892bqzy.us.kg/sub/clash-meta?url=vless%3A%2F%2Fe1a7bbab-b99c-4946-a377-e2f82f270990%40vless.laozhangde.cfd%3A443%3Fhost%3Dvless.laozhangde.cfd%26path%3D%252F%253Fed%253D2048%26type%3Dws%26encryption%3Dnone%26security%3Dtls%26alpn%3Ddefault%26sni%3Dvless.laozhangde.cfd%23vless.laozhangde.cfd&remote_config=https%3A%2F%2Fraw.githubusercontent.com%2FACL4SSR%2FACL4SSR%2Fmaster%2FClash%2Fconfig%2FACL4SSR_Online.ini&udp=true&show_host=false&forced_ws0rtt=false,0
615,https://sub.xn--ehq892bqzy.us.kg/sub/clash-meta?url=vmess%3A%2F%2FeyJ2IjoiMiIsInBzIjoiMjMzYm95LXdzLWxhb3poYW5nZGUub25lIiwiYWRkIjoibGFvemhhbmdkZS5vbmUiLCJwb3J0IjoiMTM2MTIiLCJpZCI6ImI2MTk2YjQyLWYwMGUtNDFlYy05ZGQxLWM5MjQ3Njk2MWU0OSIsImhvc3QiOiJsYW96aGFuZ2RlLm9uZSIsInBhdGgiOiIvYjYxOTZiNDItZjAwZS00MWVjLTlkZDEtYzkyNDc2OTYxZTQ5IiwibmV0Ijoid3MiLCJzZWN1cml0eSI6ImF1dG8iLCJ0bHMiOiJ0bHMiLCJzbmkiOiJsYW96aGFuZ2RlLm9uZSJ9&remote_config=https%3A%2F%2Fraw.githubusercontent.com%2FACL4SSR%2FACL4SSR%2Fmaster%2FClash%2Fconfig%2FACL4SSR_Online.ini&udp=true&show_host=false&forced_ws0rtt=false,0
616,https://sub.xn--ioru3fc2t1hb.com/s/0068fd481958b77ec9639435bbb8dd8d,0
617,https://sub.xn--ioru3fc2t1hb.com/s/2e06a9889844b5fd1c5ca3c9e56daafc,0
618,https://sub.xn--ioru3fc2t1hb.com/s/8c3e1cdee3af117312d13d076568ccfb,0
619,https://sub.xn--ioru3fc2t1hb.com/s/99f36fce298ce8b4cff80263a64abc5c,0
620,https://sub.xn--ioru3fc2t1hb.com/s/a1338a23e248ee43ee4a2373667c91db,0
621,https://sub123.71345.xyz/api/v1/client/subscribe?token=67d0e817bbb631b2aa14bfe031334415,0
622,https://sub123.71345.xyz/api/v1/client/subscribe?token=67d0e817bbb631b2aa14bfe031334415&amp;amp;flag=meta,0
623,https://subapi.fxxk.dedyn.io/sub?&url=%20https%3A%2F%2Fanaer.github.io%2FSub%2Fclash.yaml&target=mixed&config=https%3A%2F%2Fraw.githubusercontent.com%2Fcmliu%2FACL4SSR%2Fmain%2FClash%2Fconfig%2FACL4SSR_Online_Full_MultiMode.ini&emoji=true&append_type=true&append_info=true&scv=false&udp=false&list=false&sort=false&fdn=false&insert=false,115
624,https://submit.xz61.cn:23443/api/v1/client/subscribe?token=699d0f09dd72b2c71c276558beb349ee,0
625,https://subneko.v1999.sbs/study/xuexi/v999/hneko?token=9289c2b55388152d2b12bcb0f5ceefd3,0
626,https://subs.ouoboom.xyz/api/v1/client/subscribe?token=92ad3b1b4e2a0bf8f8d120d28a97254d,0
627,https://subs.pithecia.com/api/v1/client/subscribe?token=573089f9130927f99a86801f3ba6184f,0
628,https://subscribe.famint.net/api/v1/client/subscribe?token=47f216c5ec7a8f4da47e6311c71eb687,0
629,https://subscribe.famint.net/api/v1/client/subscribe?token=eae4cd63060aa493bc7e22adab118bee,0
630,https://subscribe.xxmad.com/api/v1/client/subscribe?token=5a31e90bf806b5f4037bc1cc7f001a41,0
631,https://subscription-gov.lianjiasub.work/api/v1/client/subscribe?token=6600a4a018cd998708050d4d81c49954,0
632,https://substore.zszweb.pp.ua/2cXaAxRGfddmGz2yx1wA/download/Xboard,0
633,https://substore.zszweb.pp.ua/2cXaAxRGfddmGz2yx1wA/download/gitlab,0
634,https://super.jack991.filegear-sg.me,0
635,https://super.jack991.filegear-sg.me/,0
636,https://support.zoom.us.blackhazard.mvsv.us.kg,0
637,https://support.zoom.us.sub.vltr.us.kg,0
638,https://support.zoom.us.vvip.inconigtomode.us.kg,0
639,https://szdol.com/search/userid?token=12997f5f3f6131884dce24eaaf91b1bc,0
640,https://szdol.com/search/userid?token=281c3ac3a74afadab6b0829ee73b7c5b,0
641,https://szdol.com/search/userid?token=2ad1da4c31761bc7d3ae2b356644d239,0
642,https://szdol.com/search/userid?token=3c606fe9f5d7bd18938f6ca1acec8d4a,0
643,https://szdol.com/search/userid?token=450266890db3439dd462884be394518c,0
644,https://szdol.com/search/userid?token=4d66da2b0beafdac4254a2d64b31f54a,0
645,https://szdol.com/search/userid?token=4f362ce1afa064cdf5435035737c68d1,0
646,https://szdol.com/search/userid?token=5388b552ff4dc3773e764889492c93d0,0
647,https://szdol.com/search/userid?token=676a95997ca1f42aff235e9556e21206,0
648,https://szdol.com/search/userid?token=6fb57d016a90ba7b099f1c78daa30787,0
649,https://szdol.com/search/userid?token=972ae62c3d392d6ecf0543533cdfea96,0
650,https://szdol.com/search/userid?token=9a152701784f3f2c8f273cda26c4ad88,0
651,https://szdol.com/search/userid?token=a12ba9e257f12f4beb894c02a2d0c923,0
652,https://szdol.com/search/userid?token=a2ea1621387c94884f5844975970cd6b,0
653,https://szdol.com/search/userid?token=a59ef0915977b249779b5abc12fe3981,0
654,https://szdol.com/search/userid?token=a7a65a42d7af05b91b93a80883ee51f0,0
655,https://szdol.com/search/userid?token=c19f0abeb014f607a447c0a687f1ecf5,0
656,https://szdol.com/search/userid?token=d040485664c39ab8a9cc72d2892058c7,0
657,https://szdol.com/search/userid?token=d3a6a8f102efe2e9bf0106c6a1814561,0
658,https://szdol.com/search/userid?token=d62dfae5c71a73c314cd1bddfdf2243d,0
659,https://szdol.com/search/userid?token=dbd4af97b1d170cda60bc5a11bc80357,0
660,https://szdol.com/search/userid?token=e683bb0f888db6eb926f23d73bf6a452,0
661,https://szdol.com/search/userid?token=f6d01d982689ecde027ce21837ecc85b,0
662,https://tcxf.hssl8088.icu/api/v1/client/subscribe?token=0a422232b90558c94bf8b27d82e38cdf,0
663,https://top.phpcat.ir,0
664,https://travelferry.ten06.gr,0
665,https://trojans.securitystronghold.com,202
666,https://ts.xship.top/v1/subscribe?starlink=mSIusSz2Ku3YUWxB85cQa,185
667,https://tsg-dhy.pages.dev,1
668,https://u1s2a-sub-sg.nfjbill.us.kg,0
669,https://update.glados-config.com/mihomo/543454/7b9d17e/80064/glados.yaml,1
670,https://uts-front.line-apps.com.vvip.inconigto.us.kg,0
671,https://v2.ixlmo.net/api/v1/client/subscribe?token=a3ba43988819d35b9a11f801050be074,0
672,https://vip.tfstore.biz.id,332
673,https://vipren.biz.id,1780
674,https://vot.278986.xyz/api/v1/client/subscribe?token=a4d2c261eb6f52d43201347b43f7535c,0
675,https://vot.689861.xyz/api/v1/client/subscribe?token=a4d2c261eb6f52d43201347b43f7535c,0
676,https://vpn.mhmmddnl.my.id,0
677,https://vtsbot.masukin.web.id,0
678,https://vvip.inconigto.us.kg,0
679,https://warpip.irss.eu.org,15
680,https://warpym.irss.eu.org,15
681,https://waslani-indramayu.my.id,0
682,https://webget.yfjc.xyz/api/v1/client/subscribe?token=d0a48db37e46bac7257e91c842424acb,0
683,https://webhook.ss5.xyz,0
684,https://webhook.taoqu88.com,0
685,https://within.sephirah.icu/api/v1/client/subscribe?token=70f060f917f49a5f1278ce79a2a119ab,0
686,https://wj-kc.com/api/subscript/clash/678ac102af4d30ab037fcce5/c808f978-856d-49fe-8fd8-8e4a21793956,1
687,https://www.066664.xyz/api/v1/client/subscribe?token=5ec34216e7bbd89ef9cbe2741ebe3f7d&amp;amp;flag=clash,0
688,https://www.998877.best/api/v1/client/subscribe?token=2322d7076032d3e9a3b36c3b6dec0c00,0
689,https://www.antlink.cc/api/v1/client/subscribe?token=cef0a82eedec7c8db2bb2d59f0e69109,0
690,https://www.ccsub.org/link/CYjcarYeQeLoNYny?clash=1,0
691,https://www.ccsub.org/link/psKMg3RzcKphYYMO?clash=1,264
692,https://www.crosswall.org/api/v1/client/subscribe?token=15c93fac71b86d1a67dcdb417964dafb,0
693,https://www.crosswall.org/api/v1/client/subscribe?token=63b067903b58eb7b35d5e7336ba0c634,0
694,https://www.crosswall.org/api/v1/client/subscribe?token=d7ef9ee567a9c0a4bc557e3cf4a8794c,0
695,https://www.dabai.in/link/jRSokf0z9AzhKk53?clash=1,0
696,https://www.inversoressolar.com,756
697,https://www.kuaidog010.top/api/v1/client/subscribe?token=86aa6723977847b2be544b5f26fdd611,0
698,https://www.lavoixdesrroms.org,615
699,https://www.moxiaoying.top,0
700,https://www.supercharge.com.au,3196
701,https://www.travelferry.com,155
702,https://www.v6ole.top,0
703,https://www.xn--gmq09hwyu.fun/api/v1/client/subscribe?token=2134027dbf9c87477b31023025d6fac1,0
704,https://www.xrayvip.com/free.txt,41
705,https://www.yiyuanjichang.net/api/v1/client/subscribe?token=219855b5014c684ccd91cc00aa379d62,0
706,https://xboard.sswiwi.com/api/v1/client/subscribe?token=68337ef392c9feb5a8eca1e4d3398a0c,0
707,https://xn--ehq91fquq.com/s/572e46885951e0e10e841e058af1fe6e,0
708,https://xn--mest48anb1j.com/s/60985c04398732b493f824589276228b,0
709,https://xn--mest48anb1j.com/s/6d8736dafd846c2569c9ce704652046a,0
710,https://xn--mest48anb1j.com/s/6d8840b6f1f15ad21090547d27d8c000,0
711,https://xn--mest48anb1j.com/s/72a52199ea5688436d2fd152ddcc6caf,0
712,https://xquig3.youxuan.wiki/api/v1/client/subscribe?token=0de786c24d7759109b7e55670c25f06b,0
713,https://xquig3.youxuan.wiki/api/v1/client/subscribe?token=0de786c24d7759109b7e55670c25f06b&amp,0
714,https://xship.top/v1/subscribe?starlink=LCXzMd9rngX_38o4mcgwZ6SF,185
715,https://xship.top/v1/subscribe?starlink=ZIXQa-7pg0vPahuyi8bABhob,210
716,https://xship.top/v1/subscribe?starlink=drpkx0fKv4I9AF4j2i2MH2Op,185
717,https://yaml.xicun.us.kg,0
718,https://yangshuomao.xjp4.io,0
719,https://yjy.lol/api/v1/client/subscribe?token=6d7ae8d93e2a2e60d66dbcbe0a4dc6fb,0
720,https://youtiao66clash.123499.xyz,0
721,https://youxiu5172.xiaofeixia.cfd/api/v1/client/subscribe?token=64e26e0efc0e3e17340e9b510f7fa2e2,0
722,https://youxiu7540.xiaofeixia.click/api/v1/client/subscribe?token=7bca42b442b158dbc47db249d25651b7,0
723,https://youxiu8168.xiaofeixia.info/api/v1/client/subscribe?token=7bca42b442b158dbc47db249d25651b7,0
724,https://youxiu88.xiaofeixia.click/api/v1/client/subscribe?token=de4256c4d7c4b0368240a2a772f6909e,0
725,https://youxiu9571.xiaofeixia.click/api/v1/client/subscribe?token=cb1c0d7600aa0260ab5e526992563ce4,0
726,https://zaintest.vuclip.com.afrcloud.xyz,0
727,https://zaintest.vuclip.com.sub.vltr.us.kg,0
728,https://zaintest.vuclip.com.vip.tfstore.biz.id,332
729,https://zaintest.vuclip.com.vpn.mhmmddnl.my.id,0
730,https://zaintest.vuclip.com.vtsbot.masukin.web.id,0
731,https://zjsub.gitpub.top/api/v1/client/subscribe?token=140c71acf1ef34766c267f9ea36ba79f,0
732,dynamic://peasoft,0

总计,,40812
